NOMBPROV,edu_leer,cedu_infra,cedu_equipo,cedu_ensenanza,cedu_material,cedu_partpadres,cant_edu,internet_si,internet_no,celinter_si,celinter_no,internet_total,celinter_total,CANT_LECTURA,PRACTICA_LECTURA,IDIOMA,PERS_NRO,ESTRATOSOCIO,viv_agua,viv_elec,cant_vivienda
ABANCAY,57.9166666666667,0.4625,0.625,0.845833333333333,0.95,0.8,48,104,146,169,81,250,250,205,89.7750686813187,10,3.4035885989011,52.8485576923077,100,91.302944214876,217
ACOBAMBA,71.1850649350649,0.728896103896104,0.58495670995671,0.794642857142857,0.823051948051948,0.798160173160173,39,8,92,80,20,100,100,99,73.5416666666667,10,3.51006944444444,8.88888888888889,66.8786075036075,100,95
ACOMAYO,100,1,0.75,1,1,1,3,1,32,12,21,33,33,33,26.6666666666667,10,3.6,0,100,95.8333333333333,32
AIJA,80,1,0.9,1,0.9,0.8,10,,,,,,,,,,,,100,91.6666666666667,27
ALTO AMAZONAS,61.0149725239239,0.663078538398232,0.668129043448737,0.919458560762908,0.927081372733547,0.993506493506493,126,23,68,51,40,91,91,117,70.952380952381,10,3.96904761904762,15.7142857142857,81.4024390243903,95.020325203252,140
AMBO,75,0.816666666666667,0.733333333333333,0.933333333333333,0.9,0.916666666666667,31,3,22,12,13,25,25,30,70.0956937799043,10,3.80143540669856,0,93.9393939393939,95.719696969697,86
ANDAHUAYLAS,65.9354747816286,0.940236686390533,0.813989856297549,0.922527472527473,0.919611158072697,0.899866159481544,94,65,179,128,116,244,244,184,88.4595480420908,10,3.64924002836716,20.0319130584785,98.6425339366516,96.308588212613,318
ANGARAES,72.5,0.975,0.825,0.925,0.95,0.95,24,10,76,20,66,86,86,119,42.8660049627792,10,4.15612076095947,22.5806451612903,86.1478365384615,95.7632211538462,105
ANTA,86.1111111111111,0.984848484848485,0.818181818181818,0.886363636363636,0.734848484848485,0.775252525252525,23,0,34,13,21,34,34,15,65.3846153846154,10,3.51923076923077,0,97.9310344827586,96.8103448275862,71
ANTABAMBA,83.3333333333333,0.555555555555556,0.833333333333333,0.888888888888889,1,0.888888888888889,8,,,,,,,,,,,,96.875,94.6022727272727,39
ANTONIO RAYMONDI,33.3333333333333,1,1,1,1,1,3,,,,,,,,,,,,100,71.4285714285714,7
AREQUIPA,89.0861538916721,0.907081239029633,0.697767910898086,0.907612244357335,0.816904247574736,0.830580097182572,277,262,306,400,168,568,568,525,75.9394575806205,10,3.89145890823171,30.4825289457295,90.5705096923856,99.3289239636758,940
ASCOPE,63.1757966344433,0.751521661296097,0.672574292875045,0.977443609022556,0.843537414965986,0.764411027568922,49,27,52,48,31,79,79,71,63.75,10,3.93792735042735,22.4358974358974,89.4815623076493,99.2277992277992,114
ASUNCION,100,1,1,1,0,0,1,,,,,,,,,,,,100,100,8
ATALAYA,58.5500515995872,0.995098039215686,0.599948400412797,0.968627450980392,0.937409700722394,1,88,5,59,16,48,64,64,98,83.2333833083458,10,4.11294352823588,0,91.6666666666667,90.7407407407407,66
AYABACA,84.8739495798319,0.854516806722689,0.924159663865546,0.942647058823529,0.992647058823529,0.860294117647059,61,3,45,18,30,48,48,52,57.2649572649573,10,3.74450549450549,0,69.3694706852602,95.6815114709852,89
AYMARAES,70.8333333333333,1,0.916666666666667,1,1,0.75,8,2,49,22,29,51,51,40,78.8809523809524,10,3.4752380952381,16.6666666666667,100,95.0892857142857,66
AZANGARO,92.3809523809524,0.971428571428571,0.614285714285714,0.971428571428571,1,0.728571428571429,18,2,74,25,51,76,76,51,27.2051282051282,10,3.59108669108669,8.33333333333333,70.6349206349206,95.8705357142857,75
BAGUA,86.3515406162465,0.790756302521008,0.844257703081233,0.957492997198879,0.955042016806723,0.851470588235294,119,27,119,85,61,146,146,131,76.8224012274645,10,3.86016110471807,15.7345607978519,86.4596929864877,83.4822057787174,182
BARRANCA,80.3787878787879,0.898787878787879,0.765757575757576,0.975,0.931818181818182,0.963636363636364,48,41,38,40,39,79,79,66,75.4743447766704,10,3.53475452196382,1.86046511627907,80.5927318295739,99.7142857142857,174
BELLAVISTA,69.8888888888889,0.75,0.745,0.955,0.975,0.975,38,10,26,25,11,36,36,35,82.5,10,3.75,25,89.5555555555556,95.5555555555556,62
BOLIVAR,0,0,1,1,1,1,1,,,,,,,,,,,,100,100,14
BOLOGNESI,77.0833333333334,1,0.833333333333333,0.625,1,0.833333333333333,14,0,8,2,6,8,8,9,77.7777777777778,10,4.66666666666667,0,100,100,26
BONGARA,100,1,0.9375,0.8375,0.95,0.9375,21,4,37,21,20,41,41,43,57.3946360153257,10,3.53639846743295,0,96.4285714285714,96.8269230769231,53
CAJABAMBA,79.2207792207792,0.863636363636364,0.954545454545455,0.954545454545455,0.792207792207792,0.818181818181818,18,11,71,27,55,82,82,96,66.6512059369202,10,4.182622139765,7.6530612244898,96.2566844919786,90.9090909090909,56
CAJAMARCA,87.8165266106443,0.723893557422969,0.729075630252101,0.910609243697479,0.918641456582633,0.98858543417367,122,113,110,163,60,223,223,226,68.2154882154882,10,3.98720538720539,38.2154882154882,85.8223660400532,97.5189155107188,332
CAJATAMBO,100,1,0.611111111111111,0.944444444444444,1,0.944444444444444,8,,,,,,,,,,,,91.6666666666667,100,26
CALCA,92.6666666666667,0.926666666666667,0.733333333333333,0.933333333333333,0.733333333333333,0.933333333333333,17,1,7,3,5,8,8,7,71.4285714285714,10,3.71428571428571,0,98.5714285714286,96.7532467532468,58
CALLAO,86.752739581687,0.916125335862178,0.883412180122706,0.927297033875981,0.857691543217859,0.854560481534166,322,996,480,932,544,1476,1476,1394,76.5121699940624,10,3.89831758702797,61.8526321058839,97.9177292648348,99.7249004013566,979
CAMANA,89.1666666666667,0.741666666666667,0.65,0.758333333333333,0.825,0.508333333333333,26,5,31,11,25,36,36,41,79.4642857142857,10,3.76815476190476,0,54.1666666666667,100,57
CANAS,83.3333333333333,0.916666666666667,1,0.916666666666667,0.916666666666667,0.833333333333333,7,,,,,,,,,,,,100,92.8571428571429,36
CANCHIS,97.5,0.866666666666667,0.808333333333333,0.975,0.875,0.675,19,11,47,24,34,58,58,44,47.1988795518207,10,3.74649859943978,1.96078431372549,100,98.0952380952381,101
CANDARAVE,100,0.666666666666667,0.666666666666667,1,0.5,0.666666666666667,4,0,32,29,3,32,32,15,60,10,3.65,0,100,97.6190476190476,40
CANGALLO,57.5,0.85,0.975,0.9,1,0.825,22,2,34,6,30,36,36,43,95.6521739130435,1,3.77717391304348,0,98.8888888888889,81.3492063492064,61
CANTA,75,0.95,0.65,0.95,0.825,0.95,12,,,,,,,,,,,,89.4736842105263,100,46
CARABAYA,97.7777777777778,0.955555555555556,0.955555555555556,0.955555555555556,0.955555555555556,1,18,0,33,10,23,33,33,50,36.1706349206349,10,3.45634920634921,0,94.4444444444444,97.6190476190476,35
CARAVELI,92.8571428571429,0.696428571428571,0.642857142857143,0.553571428571429,0.65,0.553571428571429,24,11,67,42,36,78,78,54,58.7685560053981,10,3.76322537112011,0,52.6988636363636,98.8636363636364,68
CARHUAZ,61.1111111111111,0.555555555555556,0.388888888888889,1,0.666666666666667,1,12,2,23,5,20,25,25,39,71.7948717948718,10,3.74358974358974,0,100,100,30
CARLOS FERMIN FITZCARRALD,86.1111111111111,0.944444444444444,0.944444444444444,0.944444444444444,0.861111111111111,0.972222222222222,27,,,,,,,,,,,,93.3333333333333,95.5555555555556,45
CASMA,35,0.933333333333333,0.966666666666667,0.916666666666667,0.966666666666667,0.95,31,20,40,42,18,60,60,60,82.4797843665768,10,3.64420485175202,5.66037735849057,93.3333333333333,89.002849002849,64
CASTILLA,87.4285714285714,0.642857142857143,0.842857142857143,0.842857142857143,0.785714285714286,0.971428571428571,22,0,32,5,27,32,32,37,82,10,3.81666666666667,0,98.4615384615385,93.3333333333333,67
CASTROVIRREYNA,83.3333333333333,0.733333333333333,0.833333333333333,0.933333333333333,0.843333333333333,0.85,15,4,12,9,7,16,16,14,78.5714285714286,10,3.85714285714286,0,98.3333333333333,100,62
CAYLLOMA,97.6190476190476,0.815476190476191,0.758928571428571,0.970238095238095,0.889880952380952,0.764880952380952,48,6,45,36,15,51,51,47,78.7837837837838,10,4.1527027027027,0,90.1084085406119,94.6428571428571,101
CAÑETE,83.8933452168746,0.961155674390968,0.887147207367796,0.953282828282828,0.937522281639929,0.96797385620915,99,101,110,116,95,211,211,180,65.8215417739227,10,3.83931093157284,1.52431342907533,82.2234725959446,92.6993042432479,346
CELENDIN,96.3718820861678,0.948412698412698,1,0.904761904761905,0.964285714285714,1,33,15,31,36,10,46,46,53,88.6792452830189,10,4.13207547169811,26.4150943396226,85.996660996661,91.6375291375291,94
CHACHAPOYAS,78.5271317829457,0.877630121816168,0.709080841638981,0.971428571428571,0.787153931339978,0.952380952380952,64,37,72,76,33,109,109,105,85.989010989011,10,3.78296703296703,31.8681318681319,86.2551440329218,97.1354166666667,219
CHANCHAMAYO,81.7833800186742,0.941830065359477,0.8531279178338,0.931746031746032,0.988235294117647,0.914565826330532,64,22,62,40,44,84,84,76,84.0116279069767,10,3.61820214669052,30,98.5054347826087,98.1727734922861,144
CHEPEN,84.1269841269841,0.571428571428571,0.488095238095238,0.896825396825397,0.916666666666667,0.420634920634921,30,17,23,17,23,40,40,29,62.6190476190476,10,3.66190476190476,17.8571428571429,96.2962962962963,100,57
CHICLAYO,83.6419848347497,0.854665334138025,0.773887029762326,0.969273030635845,0.862767258051484,0.925687811265262,303,178,268,262,184,446,446,424,83.5472300921932,10,3.68068813076464,32.541722090698,95.2674689115132,98.7644110275689,901
CHINCHA,86.7818532818533,0.8603003003003,0.853069498069498,0.961653796653797,0.981653796653797,0.949197769197769,113,79,122,116,85,201,201,207,52.4708707544529,10,3.90726920053413,22.765434192673,62.3261065943993,100,271
CHINCHEROS,60.6043956043956,0.691758241758242,0.765934065934066,0.978021978021978,0.895604395604396,0.887362637362637,38,4,81,48,37,85,85,87,78.7557932263815,10,3.9131550802139,9.41176470588235,93.3518862090291,98.5987696514012,110
CHOTA,90.8333333333333,0.88,0.668333333333333,0.821666666666667,0.841666666666667,0.925,39,4,44,30,18,48,48,39,75.3086419753087,10,3.07407407407407,14.8148148148148,83.1466842336408,93.0818275926972,151
CHUCUITO,91.9047619047619,0.865079365079365,0.878968253968254,0.976190476190476,0.920634920634921,0.869444444444445,24,0,55,20,35,55,55,78,42.8030303030303,10,3.69295900178253,0,77.9605263157895,97.6190476190476,65
CHUMBIVILCAS,70,0.633333333333333,0.5,0.883333333333333,0.9,0.866666666666667,19,3,16,5,14,19,19,20,80.5555555555556,10,3.44444444444444,0,93.3333333333333,88.2323232323232,75
CHUPACA,83.8095238095238,0.714285714285714,0.614285714285714,0.971428571428571,0.966666666666667,0.971428571428571,20,8,18,8,18,26,26,30,93.2659932659933,10,3.66161616161616,33.3333333333333,97.037037037037,98.0324074074074,66
CHURCAMPA,69.9675324675325,0.641233766233766,0.462662337662338,0.834415584415585,0.847402597402597,0.602272727272727,27,2,31,15,18,33,33,53,61.4492753623189,10,4.32391304347826,32.6086956521739,95.9183673469388,97.9591836734694,69
CONCEPCION,80.7936507936508,0.888888888888889,0.887301587301587,0.966666666666667,0.807936507936508,0.776190476190476,22,0,34,6,28,34,34,27,67.8030303030303,10,3.81439393939394,0,95.9183673469388,98.2142857142857,61
CONDESUYOS,75,1,0.916666666666667,0.666666666666667,1,1,7,1,25,8,18,26,26,20,69.6969696969697,10,4.07575757575758,0,100,100,19
CONDORCANQUI,56.4456778702847,0.516825984171035,0.597039777983349,0.957446808510638,0.846993524514339,0.95004625346901,85,0,16,0,16,16,16,35,22.8571428571429,4,4.4,0,94.8717948717949,23.0769230769231,45
CONTRALMIRANTE VILLAR,69.5027195027195,0.944055944055944,0.974358974358974,0.974358974358974,1,0.981481481481481,42,8,57,38,27,65,65,62,79.1666666666667,10,3.84444444444444,12.2222222222222,13.4278002699055,89.9460188933873,103
CONTUMAZA,50,0.75,0.75,0.75,0.75,0.5,4,5,21,14,12,26,26,27,72.2222222222222,10,3.55555555555556,0,93.75,95.8333333333333,34
CORONEL PORTILLO,63.6271029652559,0.917451497692817,0.72794417678849,0.937871562303901,0.966363567193422,0.962263172119602,352,117,317,326,108,434,434,629,90.9729511533106,10,4.16629298518347,18.3151414634454,90.4729266079042,87.164133663853,638
CORONGO,100,1,0,1,1,1,1,,,,,,,,,,,,87.5,87.5,8
COTABAMBAS,77.7777777777778,0.805555555555556,0.666666666666667,0.75,0.861111111111111,0.861111111111111,19,3,43,22,24,46,46,43,93.3333333333333,10,3.31746031746032,0,92.2254901960784,95.6505847953216,97
CUSCO,91.7399804496579,0.894154447702835,0.901251221896383,0.854180514825676,0.927272727272727,0.885265558813946,84,156,138,215,79,294,294,232,69.8923529121935,10,3.90126722057364,66.133379043701,94.3615384615385,100,308
CUTERVO,92.4155844155844,0.863246753246753,0.823636363636364,0.990909090909091,0.981818181818182,0.940909090909091,44,4,52,35,21,56,56,55,76.25,10,3.89666666666667,0,79.4722719141324,88.7128375500469,104
DANIEL ALCIDES CARRION,58.8095238095238,0.778571428571429,0.749206349206349,0.917857142857143,0.83968253968254,0.804761904761905,48,7,95,29,73,102,102,82,86.5,10,3.545,7,87.2222222222222,95.3227124183007,140
DATEM DEL MARAÑON,64.6515633280339,0.798887122416534,0.835055643879173,0.920906200317965,0.942368839427663,0.817368839427663,77,,,,,,,,,,,,94.7368421052632,35.1973684210526,27
DOS DE MAYO,71.4285714285714,1,0.928571428571429,0.958333333333333,1,0.928571428571429,15,2,14,5,11,16,16,17,81.6666666666667,10,4.03333333333333,50,87.3263888888889,100,43
EL COLLAO,95.4545454545454,0.718181818181818,0.809090909090909,0.763636363636364,0.9,0.863636363636364,16,7,57,25,39,64,64,40,37.5,10,3.35,7.5,88.936170212766,86.8085106382979,52
EL DORADO,87.0535714285714,1,0.958333333333333,1,0.958333333333333,1,34,,,,,,,,,,,,100,94.7916666666667,63
ESPINAR,73.75,0.783333333333333,0.804166666666667,0.404166666666667,0.825,0.829166666666667,22,3,63,26,40,66,66,54,50.4225828262339,10,4.60733603786342,0,92.5,74.2857142857143,69
FERREÑAFE,84.4117647058824,0.970588235294118,0.88578431372549,0.833333333333333,0.855392156862745,0.928921568627451,32,16,51,21,46,67,67,86,95.9523809523809,10,4.69793956043956,16.6666666666667,96.6269841269841,98.3333333333333,92
GENERAL SANCHEZ CERRO,93.1818181818182,0.881818181818182,0.931818181818182,1,0.95,0.763636363636364,21,8,66,53,21,74,74,48,70.3571428571429,10,4.00833333333333,0,94.2300194931774,94.8984468339307,136
GRAN CHIMU,100,0.666666666666667,0.666666666666667,0.666666666666667,0.5,0.666666666666667,6,2,24,4,22,26,26,25,75.8771929824561,10,3.83333333333333,0,54.7619047619048,94.4444444444444,26
GRAU,92.8571428571429,0.857142857142857,0.857142857142857,0.714285714285714,0.857142857142857,0.857142857142857,10,2,46,13,35,48,48,48,79.1005291005291,10,3.48015873015873,0,100,96.1734693877551,57
HUACAYBAMBA,85.4166666666667,1,1,0.916666666666667,1,1,14,2,14,4,12,16,16,12,66.6666666666667,10,3.41666666666667,0,97.6190476190476,100,28
HUALGAYOC,92,0.65,0.94,1,0.96,1,27,5,45,30,20,50,50,41,78.0487804878049,10,3.41463414634146,0,81.7246835443038,93.1170886075949,87
HUALLAGA,56.8627450980392,0.906318082788671,0.906318082788671,0.943355119825708,0.962962962962963,0.962962962962963,27,1,18,5,14,19,19,14,87.5,10,3.25,0,100,95.8169934640523,43
HUAMALIES,88.2993197278912,0.971428571428571,0.971428571428571,1,0.964285714285714,0.907142857142857,29,1,16,5,12,17,17,31,90.3225806451613,10,4,0,95.2976190476191,90.2091836734694,89
HUAMANGA,72.3263244691816,0.838347763347763,0.853679653679654,0.926695526695527,0.931009070294784,0.669186765615337,134,136,295,257,174,431,431,405,69.4269082172308,10,3.76708470740729,27.0597681888005,91.2826296626033,93.2034424508058,404
HUANCA SANCOS,79.3650793650794,0.841269841269841,0.888888888888889,0.888888888888889,0.952380952380952,1,12,1,9,7,3,10,10,6,0,10,3.83333333333333,0,100,100,32
HUANCABAMBA,54.3333333333333,0.774444444444445,0.788888888888889,0.788888888888889,0.857777777777778,0.88,37,5,60,24,41,65,65,81,80.1747014595312,10,3.77791906236179,0,89.8996655518395,90.350613154961,109
HUANCANE,72.3484848484848,0.875,0.708333333333333,0.875,0.977272727272727,0.602272727272727,18,3,21,16,8,24,24,13,69.2307692307692,10,3.30769230769231,46.1538461538462,82.6190476190476,82.3809523809524,44
HUANCAVELICA,89.2250589531516,0.515814401021024,0.631458299058245,0.834667942946312,0.828819989729937,0.922685372140211,92,109,310,262,157,419,419,408,75.3584207694377,10,3.94551183750336,30.0986682808717,94.2142857142857,89.2960927960928,298
HUANCAYO,79.8982441493217,0.938615609143626,0.882015474526251,0.872745158952056,0.89836776431604,0.923489437713576,116,151,178,202,127,329,329,270,78.1181115326029,10,3.72679434666936,20.9444127284555,83.4543041432644,96.7116402116402,560
HUANTA,61.9251119251119,0.824074074074074,0.789173789173789,1,0.972222222222222,0.881766381766382,48,20,117,68,69,137,137,138,76.4410408432148,10,3.73847167325428,3.53260869565217,98.29307568438,95.0925925925926,123
HUANUCO,75.4643134643135,0.816062588205445,0.800076193647622,0.842537462537463,0.944684601113173,0.867330447330447,155,136,224,192,168,360,360,355,60.2796276430403,10,3.68986026096773,24.4489107647434,76.9583094900519,95.5242526871235,381
HUARAL,89.5,0.915,0.85,0.951666666666667,0.945,0.863333333333333,61,45,90,60,75,135,135,131,63.9006791171477,10,3.75042444821732,6.85483870967742,77.2660254239202,87.3015873015873,211
HUARAZ,68.2183908045977,0.854310344827586,0.858620689655172,0.920977011494253,0.955747126436782,0.901724137931035,66,51,64,82,33,115,115,127,76.0505319148936,10,4.00757978723404,44.906914893617,93.3542046131136,96.9308943089431,233
HUARI,79.1666666666667,0.791666666666667,0.75,0.883333333333333,1,0.833333333333333,19,7,51,25,33,58,58,57,68.2696715049656,10,3.45145785586962,0,96.3053977272727,98.2142857142857,61
HUARMEY,77.7777777777778,1,1,1,0.933333333333333,1,10,14,15,15,14,29,29,29,72.4137931034483,10,3.37931034482759,27.5862068965517,100,100,33
HUAROCHIRI,89.1666666666667,0.825,0.841666666666667,0.975,0.925,0.791666666666667,29,9,56,13,52,65,65,55,90.5555555555556,10,3.45641025641026,0,86.734693877551,100,96
HUAURA,87.0263995263995,0.769586894586895,0.773245273245273,0.965099715099715,0.916208791208791,0.932331557331557,88,91,104,82,113,195,195,144,71.2419759570495,10,3.7141091853408,14.3849206349206,89.1813544720522,99.6059431524548,273
HUAYLAS,82.2222222222222,0.966666666666667,0.933333333333333,0.962962962962963,1,1,22,9,17,22,4,26,26,19,63.1578947368421,10,3.89473684210526,47.3684210526316,89.2857142857143,100,58
HUAYTARA,77.2222222222222,0.901851851851852,0.87962962962963,0.87037037037037,0.896296296296296,0.783333333333333,34,1,31,16,16,32,32,47,83.8888888888889,10,4.15648148148148,0,81.5151515151515,85.0757575757576,79
ICA,93.4247941600883,0.91768525592055,0.943275188863424,0.997222222222222,0.966700619641796,0.874395212630507,213,151,150,234,67,301,301,263,33.1092783334163,10,3.82078668457979,21.9148960873099,48.963308691617,98.1286227015323,746
ILO,82.1468926553672,0.754802259887006,0.654237288135593,0.87683615819209,0.943502824858757,0.815819209039548,69,172,150,275,47,322,322,240,81.696360590833,10,3.68190700979646,48.4087102177555,95.9044368600683,99.7724687144482,329
ISLAY,87.5,0.875,0.666666666666667,0.875,0.833333333333333,0.5,13,9,25,29,5,34,34,33,84.8684210526316,10,3.66754385964912,25,100,100,53
JAEN,85.4395604395604,0.734432234432235,0.728937728937729,0.936813186813187,0.912087912087912,0.983516483516483,42,24,81,55,50,105,105,92,82.8048780487805,10,3.58414634146341,16.4634146341463,96.8296703296703,89.4382384532761,172
JAUJA,67.5,0.886111111111111,0.777777777777778,0.902777777777778,0.972222222222222,0.872222222222222,33,9,57,34,32,66,66,55,81.031746031746,10,3.65396825396825,20,96.8518518518519,93.0555555555556,157
JORGE BASADRE,87.5,0.85,0.647222222222222,0.888888888888889,0.825,0.688888888888889,16,5,3,6,2,8,8,6,50,10,4,0,97.2222222222222,98.8505747126437,49
JULCAN,72.5,0.429166666666667,0.691666666666667,0.929166666666667,0.929166666666667,0.8375,25,0,16,6,10,16,16,15,100,10,2.86666666666667,0,67.0634920634921,80.3571428571429,38
JUNIN,55.5555555555556,0.833333333333333,0.833333333333333,0.833333333333333,0.833333333333333,0.888888888888889,8,0,10,2,8,10,10,7,85.7142857142857,10,3.71428571428571,0,98.6111111111111,100,38
LA CONVENCION,60.4201680672269,0.820028011204482,0.859383753501401,0.915266106442577,0.876190476190476,0.743977591036415,43,13,71,42,42,84,84,60,60.4911030997988,10,3.46828678567809,0,100,97.2589285714286,143
LA MAR,70.9663352520495,0.937423687423687,0.931972789115646,0.877899877899878,0.984126984126984,0.866213151927438,44,2,73,17,58,75,75,73,73.8770053475936,10,3.52846108140226,0,96.5174531351002,93.9942002442002,127
LA UNION,100,0.55,0.1,0.8,0.55,0.1,7,,,,,,,,,,,,93.9393939393939,100,27
LAMAS,83.3333333333333,0.768707482993197,0.731292517006803,0.979591836734694,1,0.979591836734694,43,6,51,26,31,57,57,66,75.2339572192513,10,3.8633541295306,8.82352941176471,97.9437229437229,79.107400535972,95
LAMBAYEQUE,69.0962496109555,0.815190891171283,0.777777777777778,0.991181657848325,0.85626102292769,0.997354497354497,124,29,104,46,87,133,133,157,89.812952924948,10,4.09154183909386,4.51127819548872,81.9529380206345,97.8969270166453,317
LAMPA,83.3333333333333,0.933333333333333,0.683333333333333,0.833333333333333,0.75,0.95,14,1,33,6,28,34,34,30,16.5158371040724,10,3.52488687782805,30.7692307692308,95.8333333333333,100,21
LAURICOCHA,87.5,0.875,1,0.875,1,0.875,12,0,27,1,26,27,27,31,35.4838709677419,10,3.70967741935484,0,100,93.75,13
LEONCIO PRADO,72.3651960784314,0.806004901960784,0.927022058823529,0.886335784313726,0.913480392156863,0.854166666666667,63,42,142,77,107,184,184,213,60.3394885121872,10,3.66811002763009,19.8835125448029,98.1103678929766,94.6963196033562,176
LIMA,85.7305245939202,0.838286697158984,0.807668407919399,0.89819103298777,0.866143428879689,0.902185554828799,749,1617,756,1676,697,2373,2373,1947,78.5099237647906,10,3.73408353982116,56.0784106144516,93.8612967463566,99.6977989839115,2896
LORETO,32.9301075268817,0.862903225806452,0.791666666666667,0.967741935483871,0.916666666666667,0.936827956989247,47,1,54,23,32,55,55,85,42.1394799054374,10,3.73263888888889,0,97.7777777777778,91.1111111111111,21
LUCANAS,67.1428571428571,0.823809523809524,0.761904761904762,1,0.876190476190476,0.471428571428571,18,15,109,49,75,124,124,114,88.24534942182,10,3.65095525389643,2.30769230769231,90.3679653679654,93.1818181818182,86
LUYA,84.0659340659341,0.904945054945055,0.851098901098901,0.965384615384615,0.954166666666667,0.954395604395604,68,0,51,19,32,51,51,42,43.8808373590982,10,3.96924315619968,0,93.3419913419914,98.498556998557,202
MANU,80.9722222222222,0.676388888888889,0.6125,0.940972222222222,0.676388888888889,0.73125,33,11,113,56,68,124,124,136,67.5914194206877,10,3.60755640023933,0,79.6130952380953,91.5343915343915,48
MARAÑON,75.7575757575758,0.983333333333333,0.983333333333333,0.983333333333333,0.9,0.945454545454546,36,4,16,6,14,20,20,22,45.4545454545455,10,4.59090909090909,0,97.2,97.7777777777778,50
MARISCAL CACERES,63.1818181818182,0.564393939393939,0.684090909090909,0.943939393939394,0.921212121212121,0.949242424242424,40,17,50,40,27,67,67,81,75.710407239819,10,4.04273504273504,23.9316239316239,88.3333333333333,95.8333333333333,66
MARISCAL LUZURIAGA,72.2222222222222,0.680555555555556,0.791666666666667,0.958333333333333,0.916666666666667,1,19,,,,,,,,,,,,92.8571428571429,92.8571428571429,34
MARISCAL NIETO,79.2385057471264,0.988505747126437,0.935279519331243,0.770289097875305,0.872779519331244,0.617446011842564,83,152,256,345,63,408,408,294,82.0192307692308,10,3.49628739316239,18.795405982906,96.8629741905604,93.959938528904,468
MARISCAL RAMON CASTILLA,66.1764705882353,0.718504901960784,0.776838235294118,0.8625,0.9,0.8875,60,0,24,3,21,24,24,51,42.1590909090909,9,4.01022727272727,0,80.1587301587302,85.7142857142857,18
MAYNAS,64.8057927386553,0.894384670134255,0.862978000918818,0.942722647313804,0.947206927753384,0.953066680566994,338,26,310,256,80,336,336,461,46.2076878336057,10,4.10398947572612,27.8077514174582,76.7892156862745,90.499245852187,539
MELGAR,90,0.595833333333333,0.5375,0.854166666666667,0.916666666666667,0.8375,16,3,45,24,24,48,48,50,30.3030303030303,10,3.48768939393939,0,99.2063492063492,62.6713564213564,54
MOHO,87.5,0.875,0.875,0.875,0.875,0.75,5,,,,,,,,,,,,100,91.3888888888889,30
MORROPON,78.4970238095238,0.8125,0.8046875,0.984375,0.9921875,0.901413690476191,46,8,74,40,42,82,82,91,89.8583356787691,10,4.13022094005066,8.82352941176471,76.939041221936,98.8409090909091,142
MOYOBAMBA,81.867201426025,0.832575757575757,0.72277183600713,0.883155080213904,0.952762923351159,0.797281639928699,83,22,58,50,30,80,80,70,66.9946808510638,10,3.50984042553192,15.4255319148936,95.9015771913861,96.9404003639672,215
NASCA,86.8641774891775,0.96875,0.901785714285714,0.933035714285714,1,0.953125,46,22,38,44,16,60,60,48,42.0745920745921,10,3.54613442113442,27.9040404040404,87.6041666666667,99.1666666666667,113
OCROS,41.6666666666667,0.833333333333333,0.916666666666667,1,1,1,9,,,,,,,,,,,,100,93.3333333333333,19
OTUZCO,59.6428571428572,0.934523809523809,0.901190476190476,0.982142857142857,0.964285714285714,0.847619047619048,45,0,24,4,20,24,24,25,94.4444444444444,10,3.40277777777778,0,85.6210918710919,100,80
OXAPAMPA,80.025347745936,0.795319046421988,0.714029393808806,0.892882131485073,0.898528214704685,0.941047038473509,136,35,159,67,127,194,194,168,73.176469605041,10,3.66626743361437,13.7656607044362,99.264705882353,92.5015101177892,144
OYON,90.4761904761905,0.976190476190476,0.976190476190476,0.976190476190476,0.976190476190476,0.976190476190476,17,0,8,0,8,8,8,10,80,10,3.4,0,100,100,27
PACASMAYO,80.5555555555556,0.680555555555556,0.561111111111111,0.972222222222222,0.944444444444444,0.838888888888889,21,27,41,37,31,68,68,49,59.4444444444445,10,3.59444444444444,26.6666666666667,48.0357142857143,100,96
PACHITEA,61.6666666666667,0.872348484848485,0.767424242424243,0.954545454545455,0.959848484848485,0.859848484848485,52,3,27,14,16,30,30,37,43.9102564102564,10,3.29647435897436,0,78.3730158730159,92.7197802197802,50
PADRE ABAD,59.2920035938904,0.873418688230009,0.693027852650494,0.945619946091644,0.902560646900269,0.956132075471698,111,2,72,42,32,74,74,89,96.2193362193362,10,4.1990231990232,0,93.8149350649351,93.734126984127,160
PAITA,95.3125,0.703125,0.848958333333333,0.619791666666667,0.961805555555556,0.734375,60,20,61,61,20,81,81,109,67.5935383800552,10,4.04543562970529,8.98876404494382,30.7539682539683,100,89
PALLASCA,83.3333333333333,1,0.75,1,1,1,11,1,22,14,9,23,23,22,94.4444444444444,10,4.52777777777778,0,100,100,41
PALPA,91.6666666666667,1,1,1,0.916666666666667,0.833333333333333,11,1,15,12,4,16,16,17,17.6470588235294,10,3.17647058823529,0,20.3296703296703,100,32
PARINACOCHAS,61.9047619047619,0.896825396825397,0.841269841269841,0.952380952380952,0.952380952380952,0.619047619047619,14,2,24,13,13,26,26,15,89.2857142857143,10,3.42857142857143,0,72.2222222222222,86.25,42
PARURO,88.75,0.7625,0.9,0.95,0.9,0.95,12,,,,,,,,,,,,100,97.9591836734694,63
PASCO,76.4942464942465,0.862204462204462,0.826432826432827,0.923093573093573,0.849814999815,0.906619306619307,150,80,279,167,192,359,359,329,83.7437967544537,10,3.53565864675177,38.4803489419538,80.0314406642022,89.2857142857143,386
PATAZ,74.7619047619048,1,0.828571428571429,0.971428571428571,1,0.728571428571429,24,2,8,8,2,10,10,11,81.8181818181818,10,3.45454545454545,0,88.5010822510823,99.0384615384615,66
PAUCAR DEL SARA SARA,85,0.5,0.5,0.85,0.65,0.55,10,0,10,1,9,10,10,8,62.5,10,3.375,0,96.4285714285714,96.875,29
PAUCARTAMBO,83.3333333333333,1,0.875,0.916666666666667,0.958333333333333,0.833333333333333,23,,,,,,,,,,,,95.7142857142857,88.0952380952381,43
PICOTA,75.6944444444445,0.791666666666667,0.854166666666667,0.9375,0.854166666666667,0.9375,29,1,18,9,10,19,19,23,64.5833333333334,10,3.52083333333333,0,64.6616541353384,98.5714285714286,55
PISCO,90.1190476190476,0.910714285714286,0.886904761904762,0.995238095238095,0.954761904761905,0.872619047619048,63,46,49,68,27,95,95,111,46.4101112997548,10,4.03927560837578,23.1182795698925,81.2891870295522,99.5073891625616,208
PIURA,81.5254383835202,0.748874553523582,0.795218687594463,0.961591186178206,0.920827487855185,0.901850574486374,272,132,251,256,127,383,383,399,88.3303759272752,10,3.99866774963674,21.3373107752953,78.8732711239883,94.5434438022717,568
POMABAMBA,88.8888888888889,0.833333333333333,0.722222222222222,0.777777777777778,0.944444444444444,1,15,0,32,7,25,32,32,31,55.921052631579,10,3.94298245614035,0,98.3333333333333,91.6666666666667,37
PUERTO INCA,78.125,0.71875,0.9375,0.84375,0.96875,0.875,19,1,14,9,6,15,15,15,73.3333333333333,10,4.26666666666667,0,100,95,29
PUNO,80.9895833333333,0.99609375,0.82421875,0.783854166666667,0.770833333333333,0.934895833333333,44,66,106,122,50,172,172,137,36.6525920713113,10,3.56242083040113,26.8707482993197,72.1925403225806,98.2846102150538,194
PUTUMAYO,75,0.5,0.5,1,0.75,1,4,,,,,,,,,,,,0,100,4
QUISPICANCHI,53.6394557823129,0.755952380952381,0.917857142857143,0.961734693877551,0.953571428571429,0.710714285714286,29,4,56,20,40,60,60,49,60.0595238095238,10,3.58630952380952,0,96.875,87.9358552631579,87
RECUAY,100,1,1,1,1,1,4,0,16,2,14,16,16,9,77.7777777777778,10,3,0,100,93.3333333333333,18
REQUENA,37.8181003584229,0.840636200716846,0.846057347670251,0.856093189964158,0.86581541218638,0.939247311827957,65,1,34,7,28,35,35,86,89.7186147186147,10,4.5443722943723,0,95.4545454545454,100,22
RIOJA,71.8415356573251,0.762759170653908,0.756151742993848,0.911967418546366,0.93577694235589,0.828320802005013,71,14,117,42,89,131,131,140,80.6621331228045,10,3.79750225309939,16.6666666666667,95.2876984126984,94.5133053221288,174
RODRIGUEZ DE MENDOZA,76.7361111111111,0.88125,0.843055555555556,0.965277777777778,0.769444444444444,0.902083333333333,40,1,42,20,23,43,43,27,72.6190476190476,10,3.73809523809524,30.952380952381,93.75,100,103
SAN ANTONIO DE PUTINA,75,0.833333333333333,0.666666666666667,0.791666666666667,0.916666666666667,0.791666666666667,14,1,51,35,17,52,52,38,27.2435897435897,10,3.49358974358974,0,88.8888888888889,84.9206349206349,14
SAN IGNACIO,87.8095238095238,0.653333333333333,0.777142857142857,0.942857142857143,0.971428571428571,0.971428571428571,37,11,47,40,18,58,58,74,72.9602456367162,10,3.80180133591898,7.61904761904762,86.0409592529712,99.1228070175439,90
SAN MARCOS,91,0.87,0.83,0.92,0.98,1,19,1,7,5,3,8,8,6,100,10,3.5,0,92.5,95.8333333333333,65
SAN MARTIN,64.8553743961353,0.88036231884058,0.833919082125604,0.982185990338164,0.951560990338164,0.93074577294686,112,75,83,120,38,158,158,157,73.3717833483139,10,3.90387695995206,62.280701754386,95.6331846161746,97.2407389542736,333
SAN MIGUEL,76.1904761904762,0.761904761904762,0.714285714285714,0.785714285714286,1,0.904761904761905,15,7,33,12,28,40,40,51,78.5185185185185,10,3.6962962962963,0,93.75,87.8125,56
SAN PABLO,93.75,1,0.9375,1,1,1,11,1,9,9,1,10,10,3,100,10,3.33333333333333,0,98.3333333333334,93.3333333333333,38
SAN ROMAN,95.7671957671958,0.57010582010582,0.541005291005291,0.915343915343915,0.933862433862434,0.891534391534391,48,56,244,200,100,300,300,266,39.854859272335,10,3.48209168273893,21.756398940865,91.764705882353,100,107
SANCHEZ CARRION,64.2857142857143,0.760714285714286,0.696428571428571,0.746428571428571,0.707142857142857,0.503571428571429,46,1,57,8,50,58,58,41,35,10,3.63472222222222,0,73.2638888888889,96.875,103
SANDIA,93.3333333333333,0.843333333333333,0.626666666666667,0.833333333333333,1,0.9,19,0,15,14,1,15,15,24,12.5,10,3.91666666666667,0,96.875,93.75,32
SANTA,51.0673952641166,0.928051001821494,0.835458409228901,0.994535519125683,0.988670309653916,0.953855494839101,129,219,220,346,93,439,439,454,84.7430623148323,10,3.7051210268447,31.842239164868,85.0854700854701,99.1452991452991,435
SANTA CRUZ,65.625,0.625,0.90625,0.9375,0.9375,0.96875,14,1,9,5,5,10,10,8,50,10,3.625,0,68.75,75.8333333333333,42
SANTIAGO DE CHUCO,86.9047619047619,1,0.976190476190476,0.916666666666667,1,1,22,3,49,19,33,52,52,35,72.7272727272727,10,3.5,0,72.3214285714286,93.2142857142857,42
SATIPO,69.4795701374649,0.735057340320498,0.671736158578264,0.910154173312068,0.760300372142477,0.810700994911521,101,6,62,18,50,68,68,79,71.0002434680096,10,3.69852509642615,0,96.9907407407408,86.8005451338785,182
SECHURA,88.2936507936508,0.882142857142857,0.914285714285714,0.992857142857143,0.985714285714286,0.960714285714286,56,7,53,39,21,60,60,75,79.0481947130883,10,3.74245647969052,6.91489361702128,38.4722222222222,96.1111111111111,70
SIHUAS,90,1,1,0.6375,1,0.95,13,0,16,4,12,16,16,20,95,10,3.9,0,93.9285714285714,100,36
SUCRE,66.6666666666667,0.666666666666667,0.833333333333333,0.666666666666667,0.666666666666667,0.5,6,,,,,,,,,,,,100,100,30
SULLANA,93.0964109781844,0.810403471733521,0.918390804597701,0.949507389162562,0.94201266713582,0.85137227304715,74,35,115,104,46,150,150,175,76.1993880673126,10,3.9109530285002,48.4905660377359,38.7617691774245,97.7564102564103,247
TACNA,83.4206288159223,0.870486515071391,0.748676305626332,0.834933657035719,0.771000032049741,0.756210959409003,288,394,329,588,135,723,723,578,66.2211285264356,10,3.67992227897897,15.4666060505869,78.151981933607,97.7545465881552,1094
TAHUAMANU,74.8114630467572,0.739064856711916,0.75867269984917,0.895927601809955,0.895927601809955,0.831070889894419,31,13,55,42,26,68,68,65,92.3249299719888,10,3.68037060978237,6.66666666666667,96.551724137931,98.8505747126437,56
TALARA,73.3796296296296,0.972222222222222,0.837962962962963,0.990740740740741,1,0.953703703703704,51,21,40,46,15,61,61,81,73.959938366718,10,4.11633281972265,78.8135593220339,8.05687645687646,97.6689976689977,126
TAMBOPATA,83.2899421450823,0.755220850022252,0.65679795282599,0.728807854917668,0.90223075211393,0.845652536715621,157,153,346,341,158,499,499,586,71.8019480519481,10,3.7270689033189,17.8888888888889,92.9495614035088,97.4989800081599,375
TARATA,100,1,0.666666666666667,0.666666666666667,1,0.333333333333333,5,2,41,18,25,43,43,27,82.5925925925926,10,3.36666666666667,0,98.4848484848485,92.9292929292929,36
TARMA,69.7222222222222,0.983333333333333,0.936111111111111,0.958333333333333,0.983333333333333,0.95,39,11,33,25,19,44,44,34,77.7777777777778,10,3.59722222222222,6.94444444444444,91.6888183844967,99.1596638655462,126
TAYACAJA,87.9166666666667,0.796924603174603,0.843849206349206,0.79593253968254,0.787003968253968,0.814880952380952,94,12,165,85,92,177,177,184,77.7046527046527,10,3.76399668066335,7.20720720720721,90.0847578347578,97.9437321937322,215
TOCACHE,73.202614379085,0.929738562091503,0.888888888888889,0.751143790849673,0.985294117647059,0.985294117647059,39,10,30,27,13,40,40,49,83.0555555555556,10,4.14861111111111,25,93.0418719211823,98.2142857142857,81
TRUJILLO,77.2660875209634,0.915822279134927,0.814229881022139,0.928941752035724,0.8930987873216,0.867139585143427,227,261,198,355,104,459,459,376,49.4275827893577,10,3.92465843327492,41.254215542522,85.6461388377077,99.4648185980589,715
TUMBES,77.5467492539285,0.984690032033164,0.967771158556913,0.971635994388962,0.990437158469945,0.966122392775869,189,127,305,262,170,432,432,457,84.8185791867191,10,3.84542834856579,26.6157151897803,52.8347208260032,99.9036608863199,491
UCAYALI,63.3788174139051,0.829945233454005,0.793130975587116,0.919010489185928,0.930381509328878,0.850181008075745,72,4,38,24,18,42,42,83,66.2525879917184,10,4.75103519668737,0,49.2724867724868,62.962962962963,42
URUBAMBA,61.0119047619048,0.833333333333333,0.726190476190476,0.916666666666667,0.944444444444444,0.908730158730159,29,11,31,18,24,42,42,43,51.1261261261261,10,3.93918918918919,33.3333333333333,82.6871657754011,97.5,55
UTCUBAMBA,70.5187766163376,0.781736353077817,0.749283778552071,0.914634146341463,0.924022454510259,0.894308943089431,92,30,212,118,124,242,242,222,79.8890603463774,10,3.4274217954096,26.8918918918919,71.8254734326163,98.8416988416989,274
VICTOR FAJARDO,62.7976190476191,0.803571428571429,0.755952380952381,0.845238095238095,1,0.657738095238095,17,0,24,9,15,24,24,16,81.25,10,3.5,0,100,98.4615384615385,65
VILCAS HUAMAN,57.5,0.95,1,1,1,1,13,0,16,7,9,16,16,12,83.3333333333333,10,3.25,0,89.8214285714286,98.75,55
VIRU,59.9358974358975,0.798076923076923,0.762820512820513,0.919871794871795,0.958333333333333,0.881410256410256,25,10,24,16,18,34,34,30,12.5,10,3.54166666666667,0,64.5320197044335,100,50
YAROWILCA,62.5,0.875,0.75,0.854166666666667,0.875,0.708333333333333,23,0,16,1,15,16,16,20,0,10,3.6,0,98.5714285714286,92.0714285714286,48
YAULI,66.6666666666667,0.866666666666667,0.766666666666667,0.933333333333333,0.966666666666667,0.933333333333333,15,20,28,19,29,48,48,48,98.2456140350877,10,4.34324447482342,10.5263157894737,92,100,37
YAUYOS,95.2380952380952,0.920634920634921,0.642857142857143,0.698412698412698,0.944444444444444,0.583333333333333,23,1,13,0,14,14,14,8,37.5,10,4.875,0,91.5178571428571,100,64
YUNGAY,73.5119047619048,0.866071428571429,0.901785714285714,1,0.964285714285714,1,17,4,30,17,17,34,34,33,75.7352941176471,10,4.35845588235294,0,95.6666666666667,98.6666666666667,68
YUNGUYO,90,1,0.8,1,0.8,0.9,6,2,23,12,13,25,25,22,18.1818181818182,10,3.77272727272727,40.9090909090909,95.8333333333333,95.2380952380952,39
ZARUMILLA,87.9464285714286,0.686755952380952,0.785962301587302,1,0.988095238095238,0.964285714285714,52,26,127,85,68,153,153,161,84.1948297604036,10,3.64323455233291,5.66204287515763,68.3404940923738,100,136
